-- ============================================================
-- 在线图书商城 - 测试数据
-- ============================================================

SET NAMES utf8mb4;
USE bookstore;

-- ============================================================
-- 1. 用户数据（密码均为 123456 的 BCrypt 加密值）
-- ============================================================
INSERT INTO user (username, password, phone, role) VALUES
('admin',    '$2a$10$N.zmdr9k7uOCQb376NoUnuTJ8iAt6Z5EHsM8lE9lBOsl7iAt6Z5Eh', '13800000000', 2),
('zhangsan', '$2a$10$N.zmdr9k7uOCQb376NoUnuTJ8iAt6Z5EHsM8lE9lBOsl7iAt6Z5Eh', '13811111111', 1),
('lisi',     '$2a$10$N.zmdr9k7uOCQb376NoUnuTJ8iAt6Z5EHsM8lE9lBOsl7iAt6Z5Eh', '13822222222', 1),
('wangwu',   '$2a$10$N.zmdr9k7uOCQb376NoUnuTJ8iAt6Z5EHsM8lE9lBOsl7iAt6Z5Eh', '13833333333', 1);

-- ============================================================
-- 2. 分类数据
-- ============================================================
INSERT INTO category (category_id, category_name, parent_id) VALUES
(1, '文学小说', 0),
(2, '人文社科', 0),
(3, '科学技术', 0),
(4, '经济管理', 0),
(5, '中国当代小说', 1),
(6, '外国文学', 1),
(7, '历史', 2),
(8, '哲学', 2),
(9, '计算机', 3),
(10, '经济学', 4);

-- ============================================================
-- 3. 图书数据
-- ============================================================
INSERT INTO book (book_id, book_name, author, category_id, price, stock, cover_img, description, status) VALUES
(1,  '活着',                '余华',       5,  45.00,  100, '/covers/huozhe.jpg',         '讲述了农村人福贵悲惨的人生遭遇，展现了中国社会的巨大变迁。', 1),
(2,  '三体',                '刘慈欣',     5,  93.00,  200, '/covers/santi.jpg',          '一部宏大的科幻史诗，讲述地球人类文明与三体文明的首次接触。', 1),
(3,  '百年孤独',            '马尔克斯',   6,  55.00,  80,  '/cover/bainiangudu.jpg',     '魔幻现实主义代表作，讲述布恩迪亚家族七代人的传奇故事。', 1),
(4,  '人类简史',            '赫拉利',     7,  68.00,  120, '/cover/renleijianshi.jpg',   '从十万年前有生命迹象开始到21世纪的人类发展史。', 1),
(5,  '算法导论',            'CLRS',       9,  128.00, 50,  '/covers/suanfa.jpg',         '计算机算法领域的经典教材，涵盖各种常用算法与数据结构。', 1),
(6,  'Spring实战',          'Craig Walls', 9,  89.00,  60,  '/covers/spring.jpg',        '全面介绍Spring框架的核心特性与实战技巧。', 1),
(7,  '经济学原理',          '曼昆',       10, 75.00,  90,  '/covers/jingjixue.jpg',      '全球最受欢迎的经济学入门教材，通俗易懂。', 1),
(8,  '平凡的世界',          '路遥',       5,  39.80,  150, '/covers/pingfan.jpg',         '以中国70到80年代为背景，刻画了社会各阶层普通人的形象。', 1),
(9,  '深入理解Java虚拟机',  '周志明',     9,  79.00,  70,  '/covers/jvm.jpg',            '深度解析JVM原理、内存管理、类加载机制与性能调优。', 1),
(10, '苏菲的世界',          '贾德',       8,  38.00,  110, '/covers/sufei.jpg',          '以小说的形式讲解西方哲学史，哲学入门经典。', 1);

-- ============================================================
-- 4. 购物车数据
-- ============================================================
INSERT INTO cart (user_id, book_id, quantity) VALUES
(2, 1, 2),
(2, 5, 1),
(3, 2, 1),
(3, 3, 1),
(3, 7, 2);

-- ============================================================
-- 5. 订单数据
-- ============================================================
INSERT INTO orders (order_id, user_id, total_price, receiver_name, receiver_phone, receiver_address, order_status, pay_time) VALUES
('ORD20240101001', 2, 135.00, '张三', '13811111111', '北京市朝阳区xxx路1号', 3, '2024-01-01 10:30:00'),
('ORD20240102001', 3, 168.00, '李四', '13822222222', '上海市浦东新区xxx路2号', 2, '2024-01-02 14:00:00'),
('ORD20240103001', 2, 93.00,  '张三', '13811111111', '北京市朝阳区xxx路1号', 1, '2024-01-03 09:15:00');

-- 更新时间戳
UPDATE orders SET deliver_time = '2024-01-02 08:00:00', receive_time = '2024-01-03 12:00:00' WHERE order_id = 'ORD20240101001';
UPDATE orders SET deliver_time = '2024-01-03 10:00:00' WHERE order_id = 'ORD20240102001';

-- ============================================================
-- 6. 订单明细数据
-- ============================================================
INSERT INTO order_item (order_id, book_id, book_name, price, quantity) VALUES
('ORD20240101001', 1, '活着',       45.00, 2),
('ORD20240101001', 8, '平凡的世界', 39.80, 1),
('ORD20240102001', 2, '三体',       93.00, 1),
('ORD20240102001', 10,'苏菲的世界', 38.00, 1),
('ORD20240103001', 2, '三体',       93.00, 1);

-- ============================================================
-- 7. 收藏数据
-- ============================================================
INSERT INTO favorite (user_id, book_id) VALUES
(2, 2),
(2, 5),
(3, 1),
(3, 4),
(3, 9);
